"";"twitter_ids"
"1";"1085177097331580929"
"2";"1073530801327878144"
"3";"1072440039420891137"
"4";"1069228616268087297"
"5";"1068517882114453504"
"6";"1063340696348831744"
"7";"1062801224297259009"
"8";"1062309141371408384"
"9";"1061333752452931584"
"10";"1060433317357596672"
"11";"1059809527783153665"
"12";"1057972163733585920"
"13";"1057228415152078848"
"14";"1056577986428854272"
"15";"1054808847406284801"
"16";"1054633766172418048"
"17";"1053222421883437056"
"18";"1053178944453836800"
"19";"1051895069249363968"
"20";"1050705979736756225"
"21";"1042787841997254658"
"22";"1042742283106443264"
"23";"1042363550478606337"
"24";"1040544931629199360"
"25";"1039940463208353794"
"26";"1039834604604219392"
"27";"1039834374815055872"
"28";"1039834123311955969"
"29";"1039833511103016962"
"30";"1039833362419146752"
"31";"1039832706262216705"
"32";"1036635098920169472"
"33";"1036564434888654849"
"34";"1035516678807990273"
"35";"1019501221319790592"
"36";"1018016620122464256"
"37";"1014887413657886720"
"38";"1014540685297451009"
"39";"1011687180056580096"
"40";"1011609354028703747"
"41";"1011157074657628160"
"42";"1009704998765293568"
"43";"1009495768556867584"
"44";"1009432674597994496"
"45";"1009325141237657600"
"46";"1009100844451627009"
"47";"1008316176995192833"
"48";"1006871521514618880"
"49";"1006204240455458816"
"50";"1004774463911710720"
"51";"1004672038148198400"
"52";"1004440356979699713"
"53";"1000759761430876162"
"54";"999935162816389120"
"55";"995167087646662656"
"56";"994915680448327680"
"57";"991205144783179776"
"58";"990837964015132672"
"59";"989465181351829504"
"60";"989135012917399554"
"61";"986648197484417025"
"62";"985915898920914944"
"63";"984755468521402368"
"64";"984048787315359746"
"65";"981434796055330816"
"66";"981155839439441920"
"67";"981153348551311360"
"68";"980862225526284289"
"69";"979324343992897536"
"70";"979306725647048704"
"71";"978221240992313344"
"72";"977958091835760640"
"73";"977565176831578112"
"74";"977239149991354369"
"75";"974561391439962112"
"76";"974200674123698178"
"77";"973974103274278913"
"78";"973940281719578624"
"79";"973933020196605952"
"80";"973201301533265921"
"81";"972144423336316929"
"82";"971787017301512193"
"83";"971358003273388033"
"84";"970671368286228481"
"85";"969942791043330048"
"86";"969195205202251778"
"87";"968948130841546754"
"88";"968815496861831168"
"89";"968775699803799552"
"90";"967791556328611842"
"91";"967309095727493120"
"92";"967090455174369280"
"93";"966581977058021381"
"94";"965859480004067328"
"95";"964079262599995393"
"96";"963768129724846080"
"97";"963701718939832320"
"98";"961998443605643264"
"99";"961695683597225984"
"100";"960409515941351424"
"101";"959823976360022016"
"102";"959524740246491136"
"103";"959365453662621696"
"104";"959104840864555010"
"105";"959098465899941888"
"106";"958988299611361280"
"107";"958736817246875649"
"108";"955903105320869890"
"109";"954043864146501638"
"110";"951751638158594049"
"111";"951719212137017344"
"112";"951506189346594818"
"113";"950766826249695232"
"114";"950635411851837440"
"115";"949890226989789184"
"116";"943551488743411712"
"117";"942788311768289281"
"118";"941631087884857344"
"119";"939033762599387140"
"120";"936186484603936768"
"121";"936143092213846021"
"122";"934888864325529601"
"123";"933955859176153088"
"124";"933592262914838530"
"125";"933301186945466368"
"126";"932686568325898241"
"127";"931788100673658880"
"128";"928224420224696325"
"129";"926743547801489409"
"130";"926434483762614272"
"131";"926420859795005440"
"132";"925789417394065413"
"133";"925726861338038272"
"134";"925109146453790720"
"135";"924726973125054465"
"136";"923236663937110016"
"137";"923232193215959041"
"138";"921076063266013185"
"139";"919986496857346049"
"140";"917287588725129216"
"141";"917072266516713474"
"142";"916244869227610112"
"143";"914400657456746496"
"144";"914142004405301248"
"145";"913775801031589888"
"146";"913764949402497026"
"147";"910942968319807488"
"148";"910804903211225088"
"149";"910781972427022338"
"150";"910495948454940672"
"151";"910389369688739840"
"152";"909727008061640704"
"153";"909419556770390016"
"154";"908378226711568389"
"155";"908302300309057536"
"156";"907579048053878784"
"157";"907300012601872385"
"158";"907141648072798209"
"159";"904787279218081797"
"160";"904000055480389632"
"161";"902172994612682753"
"162";"902172504034332672"
"163";"902171990550831104"
"164";"897053689273298944"
"165";"894841908039700480"
"166";"893003730752352258"
"167";"891951734616186880"
"168";"888383708897660928"
"169";"886612876194185217"
"170";"885443035596820480"
"171";"885204821711761410"
"172";"885134355823284224"
"173";"885104145178529792"
"174";"884382473915949056"
"175";"883026731648548864"
"176";"882867992643723264"
"177";"882588928427134976"
"178";"880489134426640384"
"179";"880394734530899968"
"180";"879947819540504576"
"181";"879778926482083840"
"182";"878646903671586820"
"183";"878608486749306881"
"184";"878559946253664257"
"185";"877617956951392257"
"186";"876047331954708480"
"187";"875696598252126208"
"188";"875695717733609473"
"189";"875684080884559872"
"190";"875625740162654209"
"191";"874907679491313664"
"192";"874675313212624897"
"193";"873956486371737600"
"194";"873244293980442624"
"195";"872748905322213376"
"196";"871713183400112129"
"197";"870593743862280192"
"198";"870530541484986368"
"199";"866323020184506368"
"200";"865946372532559872"
"201";"865596081262006272"
"202";"865593679221837826"
"203";"865087838181888000"
"204";"864790427324620800"
"205";"864158057646915586"
"206";"864020625643499520"
"207";"862955103657054208"
"208";"860206005451448320"
"209";"860094046244663298"
"210";"859814891103891456"
"211";"859805098507210752"
"212";"859725092569452545"
"213";"859719374223138818"
"214";"858733890801999872"
"215";"858731598468067328"
"216";"857581017103835138"
"217";"857524254744731649"
"218";"857221230180610048"
"219";"857186078591250432"
"220";"856484926178426880"
"221";"856170184398262272"
"222";"852712793061158912"
"223";"851865630399713280"
"224";"1149524423684190209"
"225";"1147174722179911680"
"226";"1146441051831504898"
"227";"1143889631294959617"
"228";"1133655030748205056"
"229";"1133613991715057666"
"230";"1128835724420276224"
"231";"1128832933001932801"
"232";"1124857370654453760"
"233";"1124209459260207104"
"234";"1123187022921895936"
"235";"1121824441078624256"
"236";"1121809608581029889"
"237";"1121736705495719936"
"238";"1121268663900934144"
"239";"1121266366466723841"
"240";"1121111326108127232"
"241";"1120970319353798657"
"242";"1119951005653839877"
"243";"1119528628356882432"
"244";"1119127897313136641"
"245";"1118386685593649153"
"246";"1117843863530553345"
"247";"1117592048650133505"
"248";"1117514665850998784"
"249";"1117013569164460032"
"250";"1116621464684257281"
"251";"1116423565484728321"
"252";"1115673255287951365"
"253";"1114872494681407488"
"254";"1114750884406276096"
"255";"1114529210415112193"
"256";"1114193573891670018"
"257";"1113745251674542080"
"258";"1113416791915737090"
"259";"1113416376230793216"
"260";"1112769950756868096"
"261";"1112710955706863622"
"262";"1112612395455823873"
"263";"1112331373484879874"
"264";"1112329922100510720"
"265";"1112302852976926721"
"266";"1112246839267323904"
"267";"1112091590187732994"
"268";"1112063584987566080"
"269";"1111167247001812992"
"270";"1110955138028576768"
"271";"1110832509997273089"
"272";"1110608167841472517"
"273";"1110600817206272000"
"274";"1109888531940421634"
"275";"1109835374665351169"
"276";"1109769697451565056"
"277";"1109456752049827840"
"278";"1109158289634402306"
"279";"1109090858995978242"
"280";"1108662686877999104"
"281";"1108480472072495105"
"282";"1107567056977842177"
"283";"1106842766385078273"
"284";"1106831430183804928"
"285";"1106634986919288832"
"286";"1105774227871985664"
"287";"1105178089858969605"
"288";"1103542972384190465"
"289";"1103220168757514240"
"290";"1103192196105285632"
"291";"1102486705758720000"
"292";"1102265828072919042"
"293";"1101924026627342338"
"294";"1101891366508998656"
"295";"1101213428507648000"
"296";"1101106567032774656"
"297";"1100404336239104001"
"298";"1099247121100914688"
"299";"1098635467531214855"
"300";"1098473659088453632"
"301";"1098229360497250304"
"302";"1098180016083488770"
"303";"1097444592532815872"
"304";"1097436241908383744"
"305";"1097114714683904000"
"306";"1096477852176994305"
"307";"1096180997371191297"
"308";"1096145314107543553"
"309";"1095656719252901888"
"310";"1095586340098527232"
"311";"1094919548329971712"
"312";"1094632613703237634"
"313";"1094588230777884677"
"314";"1094159020703789056"
"315";"1093886778900168704"
"316";"1093107050018689024"
"317";"1091362061253259265"
"318";"1091357391210319872"
"319";"1090888174266712064"
"320";"1090876990796849153"
"321";"1090536191521447936"
"322";"1090216083263537153"
"323";"1089548825675616258"
"324";"1089543267069423616"
"325";"1089210112852545536"
"326";"1088810684077477890"
"327";"1088794715703726081"
"328";"1088176367869546496"
"329";"1087362368374480896"
"330";"1087002469631225856"
"331";"1086260425954455553"
"332";"1085892189035683840"
"333";"1085822625933414400"
"334";"1085492060914896902"
"335";"1085175613709791234"
"336";"1085172341896892417"
"337";"1085071216686387206"
"338";"1085068043359801345"
"339";"1085061732270256128"
"340";"1084411278209269760"
"341";"1084409335231537152"
"342";"1084132190210924545"
"343";"1083319537456594944"
"344";"1082884092302163968"
"345";"1082670259038027777"
"346";"1082669682791014401"
"347";"1081068548716482560"
"348";"1079774864356098048"
"349";"1077491510558576640"
"350";"1077491237282856960"
"351";"1076404510258548736"
"352";"1076187878668013568"
"353";"1075726412890497024"
"354";"1075460201464119300"
"355";"1073868151882952705"
"356";"1071530069401706497"
"357";"1069976405541351424"
"358";"1069657681667989506"
"359";"1068575276844630016"
"360";"1068554922134827008"
"361";"1068522712878870530"
"362";"1068209162637721605"
"363";"1068111449782960128"
"364";"1068109808841236480"
"365";"1067880405775392771"
"366";"1067863016388087808"
"367";"1067398142528823296"
"368";"1066727273871626240"
"369";"1066629792781541376"
"370";"1065997763425566721"
"371";"1065986421817835520"
"372";"1065985896896442369"
"373";"1065951026740699136"
"374";"1065641369371361281"
"375";"1065591921765216256"
"376";"1065351679682510854"
"377";"1065351057105186816"
"378";"1065342987620794368"
"379";"1064962409301970944"
"380";"1064906974310084608"
"381";"1064906188591124483"
"382";"1064534793625509888"
"383";"1064448967918960640"
"384";"1064217182467440640"
"385";"1063402220094402560"
"386";"1063394130443870209"
"387";"1063361842913968134"
"388";"1063177976387432451"
"389";"1063165521879818241"
"390";"1063057525443043329"
"391";"1063000431411032065"
"392";"1062994970993483776"
"393";"1062668998079324160"
"394";"1061211541293408261"
"395";"1060535763417419776"
"396";"1060484966428168193"
"397";"1060347133679804417"
"398";"1060051203277709312"
"399";"1059964147067170816"
"400";"1059877846561230850"
"401";"1059465220727468035"
"402";"1059127189185146882"
"403";"1059120619508428800"
"404";"1059085935655247872"
"405";"1058488491129143296"
"406";"1057949413711192067"
"407";"1057577422684635136"
"408";"1057222728594456577"
"409";"1057207438066245633"
"410";"1056953869723410432"
"411";"1056903101024792576"
"412";"1056881922515894273"
"413";"1056609321201659909"
"414";"1056470202895032320"
"415";"1056465213422231552"
"416";"1056465192664612864"
"417";"1056424543605178369"
"418";"1056254703766507523"
"419";"1056254665195773952"
"420";"1056251594055008259"
"421";"1056250588365774859"
"422";"1056248608482361345"
"423";"1056169068900872192"
"424";"1056078387519856640"
"425";"1056061811349487616"
"426";"1055995926513369088"
"427";"1055903037921878018"
"428";"1055818775092781056"
"429";"1055787464986636288"
"430";"1055781981164920832"
"431";"1055709809767522304"
"432";"1055460627383230464"
"433";"1055201502787198977"
"434";"1054798405678063616"
"435";"1054745140617797633"
"436";"1054665515099136000"
"437";"1054639854888407040"
"438";"1054328126187233280"
"439";"1054045031676497921"
"440";"1053926997729165313"
"441";"1053169353565356032"
"442";"1052816413696675840"
"443";"1052766634132365312"
"444";"1052623467055595520"
"445";"1052568650450907136"
"446";"1052514945697345536"
"447";"1051850463925231617"
"448";"1051776575593730048"
"449";"1051713405478948865"
"450";"1051561727010197504"
"451";"1051428737588314112"
"452";"1050792707113795584"
"453";"1050770792311648256"
"454";"1050759543817408514"
"455";"1050501187940900864"
"456";"1050298876027162624"
"457";"1049857570402459649"
"458";"1049662833342992384"
"459";"1049349346565771266"
"460";"1049315342600818690"
"461";"1049171156459315200"
"462";"1047888829393326082"
"463";"1047712604179849216"
"464";"1047042005812097025"
"465";"1047017292666757121"
"466";"1046776754659102721"
"467";"1046355873973637120"
"468";"1046076645440974849"
"469";"1045649503855026183"
"470";"1045639763590606848"
"471";"1045610653917040643"
"472";"1045374071205171201"
"473";"1045370947002388480"
"474";"1045245724223508480"
"475";"1044966409682472960"
"476";"1044165246741549056"
"477";"1044108974189146112"
"478";"1043174451792302080"
"479";"1043145555969564673"
"480";"1043118573353357313"
"481";"1043032428258910208"
"482";"1042693355937910784"
"483";"1042669088663896064"
"484";"1042667165558730752"
"485";"1042396077637414913"
"486";"1042348801795784704"
"487";"1042106431066066945"
"488";"1042021599027896320"
"489";"1041995397324042240"
"490";"1041939001979138048"
"491";"1041605696800866304"
"492";"1041280245276569600"
"493";"1041278875580485632"
"494";"1041265932243480576"
"495";"1033292276930359296"
"496";"1033273082256011264"
"497";"1030736091924623360"
"498";"1029284205434482689"
"499";"1029266422084640770"
"500";"1028936317529411584"
"501";"1028701639455240192"
"502";"1028292237686398976"
"503";"1028267645374812161"
"504";"1028265879275020288"
"505";"1028210612218802176"
"506";"1027157823879299072"
"507";"1026700135219322880"
"508";"1026540979577184257"
"509";"1026027884220219392"
"510";"1025639470253699072"
"511";"1025361556366872576"
"512";"1024918602737242112"
"513";"1024662560405184512"
"514";"1024598579946692608"
"515";"1023870837378695170"
"516";"1023248885798592512"
"517";"1023228120197939201"
"518";"1022877512664268801"
"519";"1022206194755284992"
"520";"1021725344762605569"
"521";"1021397221659561984"
"522";"1021282714916442112"
"523";"1021034603094605825"
"524";"1020659193320296448"
"525";"1020643433583644672"
"526";"1020357666835660805"
"527";"1020318943767035905"
"528";"1020074599504019457"
"529";"1019500763763171328"
"530";"1019309406549311489"
"531";"1019287006814367744"
"532";"1019166720412606464"
"533";"1018479214968868865"
"534";"1017755302526152704"
"535";"1017478751377068032"
"536";"1017459343858569216"
"537";"1017082680410886146"
"538";"1017052682199142400"
"539";"1016999650933510144"
"540";"1016720305639784448"
"541";"1016682827021209601"
"542";"1016677815595491333"
"543";"1016665776487583746"
"544";"1016653343538610177"
"545";"1016637682611605505"
"546";"1016635906495787011"
"547";"1016587789972975617"
"548";"1016552325136166912"
"549";"1016552077840080897"
"550";"1016357010575675394"
"551";"1016296863828455425"
"552";"1016267320283549697"
"553";"1015187595654062080"
"554";"1015184346079260672"
"555";"1014545150411005957"
"556";"1014479249347104768"
"557";"1014405417429061632"
"558";"1014170427218972677"
"559";"1013779032612200448"
"560";"1013311801293983744"
"561";"1012950208542625792"
"562";"1012904369220673536"
"563";"1012639326793031683"
"564";"1011668734015168516"
"565";"1011564125842001920"
"566";"1011555230130032642"
"567";"1011142614240854016"
"568";"1010966972635500544"
"569";"1010628464595099649"
"570";"1010435563684614144"
"571";"1010128601898016768"
"572";"1010048752537751552"
"573";"1009786398969401345"
"574";"1009464058708418561"
"575";"1009359008061444096"
"576";"1009357779507777536"
"577";"1009341388717248512"
"578";"1009149300784467968"
"579";"1008747083627749376"
"580";"1008642821509742592"
"581";"1008641093020286976"
"582";"1008640905597898752"
"583";"1007533232072593408"
"584";"1007415876054847488"
"585";"1007242394755043328"
"586";"1006917044539969536"
"587";"1006916530418995202"
"588";"1006898426460565505"
"589";"1006838971823947776"
"590";"1005525986019086336"
"591";"1004642030562181120"
"592";"1003916443942031360"
"593";"1003902715116867584"
"594";"1002623815594250241"
"595";"1002543510392885249"
"596";"1002189824353239042"
"597";"1002184777011691520"
"598";"1001866633076465665"
"599";"1001547347220992001"
"600";"1001145275539492864"
"601";"1001032716350091264"
"602";"1001014463607304192"
"603";"1000662447701811200"
"604";"1000613713727115264"
"605";"999707019199369216"
"606";"999329672088424448"
"607";"999180725093126144"
"608";"998964988655095808"
"609";"997934412133208065"
"610";"997783371425157120"
"611";"997530632417939456"
"612";"995724285326123013"
"613";"994580648881991680"
"614";"994312102172151808"
"615";"994184480259825667"
"616";"993932875346128896"
"617";"993915584382423040"
"618";"993871997502402560"
"619";"993047237453385728"
"620";"991266570520363009"
"621";"990930805282295809"
"622";"989868302691393537"
"623";"988639164697542656"
"624";"988520754617769984"
"625";"988342306674827264"
"626";"988074356197740544"
"627";"988045311305306112"
"628";"988041446702936064"
"629";"987397767948587008"
"630";"987361584094818304"
"631";"987273690495815686"
"632";"986979592186494976"
"633";"986851779148156928"
"634";"986619437297135618"
"635";"986316465929424905"
"636";"986184365129519104"
"637";"984819944280948737"
"638";"983213938614636544"
"639";"982217123463290882"
"640";"981497668731105280"
"641";"981491139441299456"
"642";"981488095529984000"
"643";"981416508512489472"
"644";"981229436476579840"
"645";"981088409602142208"
"646";"980925725246140416"
"647";"980892932151693312"
"648";"980476431921803269"
"649";"980466465391431682"
"650";"980449905293561856"
"651";"980439381893894144"
"652";"980438702546653206"
"653";"980429999684702208"
"654";"979407522569351168"
"655";"979348993326141440"
"656";"979265801017528320"
"657";"979215776040259584"
"658";"978970790447198210"
"659";"978966787478966272"
"660";"978526163063705601"
"661";"978155859527258112"
"662";"977853989936082944"
"663";"977507334778970112"
"664";"977188603246907393"
"665";"977112214925729792"
"666";"977103538630352897"
"667";"976966507711393793"
"668";"976432414426849287"
"669";"976419029559791617"
"670";"976217242416353280"
"671";"976023831461748737"
"672";"976001587662540801"
"673";"975862304398069760"
"674";"975727016921231360"
"675";"974311360074043392"
"676";"974014548624789506"
"677";"973809329726947328"
"678";"972535165783347201"
"679";"971764715092406272"
"680";"971753459753078785"
"681";"971634756742938624"
"682";"971045950113353728"
"683";"970924905456984064"
"684";"970668139523575808"
"685";"970420544322654209"
"686";"970323585075154945"
"687";"969913948123385856"
"688";"969389252386619393"
"689";"968777048947937280"
"690";"968727537810575361"
"691";"968564754527784966"
"692";"968509361176956928"
"693";"968494059336732674"
"694";"968411767998156801"
"695";"967311904522821632"
"696";"967303958573219840"
"697";"966923923068628992"
"698";"966618455859515392"
"699";"965890730492391424"
"700";"965584880343113728"
"701";"965547484943659009"
"702";"965485940234956800"
"703";"965279887153082368"
"704";"963788936052203520"
"705";"963305105620656128"
"706";"962681860122955776"
"707";"962605962073968640"
"708";"961887862554857472"
"709";"961520402353750016"
"710";"961273194819833856"
"711";"960920841654603776"
"712";"960775004949491712"
"713";"960724652439023616"
"714";"960457900807385088"
"715";"960075851093237760"
"716";"959905598186934278"
"717";"959296640145174528"
"718";"958777868972109824"
"719";"958718585282625537"
"720";"958325796854226945"
"721";"957997002570305537"
"722";"957645937178038272"
"723";"956862023962415109"
"724";"956072075239845888"
"725";"955768634810552320"
"726";"955446184604250112"
"727";"955399205819965441"
"728";"955399019584475136"
"729";"955395322922061824"
"730";"955173296462553089"
"731";"955057863998758912"
"732";"955021313726394368"
"733";"954697367286112256"
"734";"954397005421469696"
"735";"954384518777131009"
"736";"954369012791697408"
"737";"954005509270659073"
"738";"954001655221116930"
"739";"953960314411868160"
"740";"953720682294243328"
"741";"953715417616470017"
"742";"953349051721887744"
"743";"953156096004378625"
"744";"952948646026280964"
"745";"952809818464686080"
"746";"952228282505809925"
"747";"951889867562156034"
"748";"951872401519890432"
"749";"951761923657359360"
"750";"951533756074070017"
"751";"951489782672252928"
"752";"951477224561172482"
"753";"951047527238955009"
"754";"951009969679355904"
"755";"951005031653871616"
"756";"950339377644916736"
"757";"949641291670925317"
"758";"949391762254192640"
"759";"949308886909059077"
"760";"949224325823057922"
"761";"948130567857627136"
"762";"948119000667639809"
"763";"948115453825703936"
"764";"947380072033542145"
"765";"947022490995486721"
"766";"945544970915676160"
"767";"945332850274037760"
"768";"945016135363321857"
"769";"944602933051772928"
"770";"944099720947027968"
"771";"944078052950183936"
"772";"943515167513567233"
"773";"943383318615207936"
"774";"941966639054184449"
"775";"941637762255671296"
"776";"941419237536649217"
"777";"940938838037458944"
"778";"938658902111129600"
"779";"938306195110187008"
"780";"938068654524174336"
"781";"938026171333300226"
"782";"937335629477752833"
"783";"936622135942041600"
"784";"936158322218209280"
"785";"936016679112503296"
"786";"935926004572291072"
"787";"935524800922927105"
"788";"935522538570113025"
"789";"935516562605379584"
"790";"935509668008521729"
"791";"935121590882328578"
"792";"935121538696794114"
"793";"935121488528723968"
"794";"934147173222141952"
"795";"933966454617231360"
"796";"933674339484033024"
"797";"933592703668977664"
"798";"933420263986909184"
"799";"932991497716359168"
"800";"932857012836294656"
"801";"932519252313157633"
"802";"932014108815355905"
"803";"931892771845222400"
"804";"931421172004261888"
"805";"931192564446826496"
"806";"930805844933046272"
"807";"930792987071778816"
"808";"930481391778914304"
"809";"929042614686507008"
"810";"928978974583197697"
"811";"928274584364777473"
"812";"927519047708704769"
"813";"927458783898619904"
"814";"926524388006158336"
"815";"926141050246385665"
"816";"926125547641561088"
"817";"926116974060597251"
"818";"924661996078944256"
"819";"923969798601658371"
"820";"923893115827707904"
"821";"923853991120986114"
"822";"923233904487813125"
"823";"923200656827207683"
"824";"923101569704517632"
"825";"922756373955383297"
"826";"922748902490755072"
"827";"922475105602686977"
"828";"922369042547118080"
"829";"921321617929703424"
"830";"920975805978763265"
"831";"920714417930735621"
"832";"920265133011668992"
"833";"920201631018438657"
"834";"920169012008574976"
"835";"919128796564946944"
"836";"918700290181754880"
"837";"918699563342426112"
"838";"917371634713088000"
"839";"916613246211252224"
"840";"916381323052441601"
"841";"915838711828553728"
"842";"915834089076293633"
"843";"915833902400491521"
"844";"915615353597825024"
"845";"915615238967500800"
"846";"915466064754085890"
"847";"915133722080481280"
"848";"915105890818289665"
"849";"914165380519735301"
"850";"914114772479741952"
"851";"913833031689019392"
"852";"913779121330774016"
"853";"913704187493539840"
"854";"913699060078436352"
"855";"913642415923302400"
"856";"913350747726712832"
"857";"913045000333791234"
"858";"912973855492276224"
"859";"911947326272540672"
"860";"911909193501769730"
"861";"911201514521325568"
"862";"910635649732145158"
"863";"909482876785319936"
"864";"909451661881552896"
"865";"909450376495140872"
"866";"909332568952180736"
"867";"908591246960193536"
"868";"907985585884856320"
"869";"907617289121476608"
"870";"907244183802585088"
"871";"907238853735579648"
"872";"907133586989514753"
"873";"907129344740519936"
"874";"906889709833596928"
"875";"906810433696395264"
"876";"906518387685253121"
"877";"906405837064884224"
"878";"906180707147505668"
"879";"905381336688590849"
"880";"904946501931106304"
"881";"903584207276007425"
"882";"901361547674517504"
"883";"900951804912861185"
"884";"899605087756185602"
"885";"899584023919570944"
"886";"898959153288368128"
"887";"898069498334466048"
"888";"896991193514508288"
"889";"896657146082979840"
"890";"895695624506626050"
"891";"895191318351294464"
"892";"894945038148534273"
"893";"893400462229217280"
"894";"892420696319684608"
"895";"892364047949213696"
"896";"890886255222943744"
"897";"890837755227459585"
"898";"890556170901106688"
"899";"890533874022965248"
"900";"890270084337369093"
"901";"890242037416693761"
"902";"890240741968138240"
"903";"890166412081319942"
"904";"889852837173358592"
"905";"889417876901421059"
"906";"888795985715101696"
"907";"888671106210697218"
"908";"888471294685171713"
"909";"888464191752949760"
"910";"888446628780273664"
"911";"888309301923729409"
"912";"887746461957582851"
"913";"887696740459188224"
"914";"887627934206504960"
"915";"887232830140555264"
"916";"887209701619924992"
"917";"886903089315414016"
"918";"886622807030943745"
"919";"886272675030683650"
"920";"886114607391285249"
"921";"885872718679289857"
"922";"885837590724792320"
"923";"885420192154648576"
"924";"885417189955817474"
"925";"885416929439223809"
"926";"885032658576826374"
"927";"884795512356032512"
"928";"884693073317515265"
"929";"884418712350183424"
"930";"884375752724148224"
"931";"884296921933897728"
"932";"883677594931138560"
"933";"883623744455004161"
"934";"882995945260158977"
"935";"882949700520955905"
"936";"882816429619376129"
"937";"882816041684008965"
"938";"882815958661955584"
"939";"882703418657300480"
"940";"882514920855797760"
"941";"882249388298567684"
"942";"882207918757695490"
"943";"881950707242459142"
"944";"881948964223938560"
"945";"881152145768239105"
"946";"880908114400354305"
"947";"880907858505863169"
"948";"880905946687557632"
"949";"880799381397680128"
"950";"880799281657073664"
"951";"880797357490802688"
"952";"880756066107183107"
"953";"880442680379092992"
"954";"880442036318588929"
"955";"880349263632498688"
"956";"879966181305835520"
"957";"879785748169445376"
"958";"879778429075378177"
"959";"879702650715082752"
"960";"878986535382773766"
"961";"878981326782726145"
"962";"878877795618828288"
"963";"878665820423036929"
"964";"878643191804809216"
"965";"878507437782953984"
"966";"878301537771991041"
"967";"877865821632172033"
"968";"877860787431198720"
"969";"877856297651126272"
"970";"877845720468000768"
"971";"877563454571376640"
"972";"877539991177613313"
"973";"877183158596325376"
"974";"877180614084104192"
"975";"877171530211446785"
"976";"877042833403899904"
"977";"876670601536122880"
"978";"876346504457408512"
"979";"875669660779327488"
"980";"875284250244894721"
"981";"875027334654554113"
"982";"874682855615598592"
"983";"874594547996782592"
"984";"873964042636939266"
"985";"873264829779369985"
"986";"873254228910903296"
"987";"873174658819948545"
"988";"872897987063820292"
"989";"872117254833528832"
"990";"872007967759106048"
"991";"871786665660084226"
"992";"871760294640574464"
"993";"871391219972276225"
"994";"871352807517020160"
"995";"871346289459564544"
"996";"871016814515544064"
"997";"870936086029234176"
"998";"870717680847699972"
"999";"870640986136956928"
"1000";"870611129755725824"
"1001";"870347432529408002"
"1002";"870318675928248320"
"1003";"870200953739386881"
"1004";"869948285334822913"
"1005";"869195040228347904"
"1006";"869191557936807941"
"1007";"869187839405281281"
"1008";"869106747855777792"
"1009";"869105412301365248"
"1010";"869098683392024576"
"1011";"868698767524073472"
"1012";"868114441673617410"
"1013";"867702059717591041"
"1014";"867652101211664384"
"1015";"867402566899990528"
"1016";"867292954393751554"
"1017";"866799513058627586"
"1018";"866700745739030528"
"1019";"866526049429008384"
"1020";"865901909550518273"
"1021";"865866173153497088"
"1022";"864452616037711872"
"1023";"864450255454064640"
"1024";"864183637855670272"
"1025";"864176649780252674"
"1026";"863394420221194240"
"1027";"863039057760333829"
"1028";"862749607083876352"
"1029";"862616793424084992"
"1030";"862609962673090561"
"1031";"862505792263651328"
"1032";"862007028285177856"
"1033";"861998905545895936"
"1034";"861963238350745600"
"1035";"861894300459728896"
"1036";"861493617730363397"
"1037";"861293759245553664"
"1038";"861116662120140800"
"1039";"860873274808385540"
"1040";"860747998816587776"
"1041";"860205320194318336"
"1042";"860175323853463552"
"1043";"860143245850009601"
"1044";"860138451383070720"
"1045";"860135802243764225"
"1046";"859461624192798720"
"1047";"859007590398918656"
"1048";"858730496590827520"
"1049";"857991784420585472"
"1050";"857685835239620608"
"1051";"857328327362842625"
"1052";"857328175419928577"
"1053";"857129384846790656"
"1054";"856486786780065793"
"1055";"856415188735713280"
"1056";"856135385705041920"
"1057";"856044909513592832"
"1058";"856028755327729664"
"1059";"855432264263634944"
"1060";"855406328105152513"
"1061";"855395927678386177"
"1062";"855320497956954113"
"1063";"855309240805675009"
"1064";"855105371416952832"
"1065";"855104833430466560"
"1066";"855097804762607617"
"1067";"855081688283721728"
"1068";"854599387489718272"
"1069";"854568106148200448"
"1070";"854327825578549250"
"1071";"853336820851122177"
"1072";"853336299448791043"
"1073";"852479886392537088"
"1074";"851917112184524800"
"1075";"851903712075419648"
"1076";"851899266188562432"
"1077";"851796439604887553"
"1078";"851080960103907328"
"1079";"851078278647615489"
"1080";"851020032251506688"
"1081";"1193157722155470849"
"1082";"1193152920407199744"
"1083";"1190921203474677761"
"1084";"1188387745489674240"
"1085";"1181179703723474956"
"1086";"1175121333325324291"
"1087";"1174680294609346562"
"1088";"1174323735727398919"
"1089";"1173979841940660224"
"1090";"1166010629330800640"
"1091";"1164539965495304193"
"1092";"1164539371007172609"
"1093";"1160905234115375106"
"1094";"1160905232542523396"
"1095";"887565628701372417"
"1096";"1205520075563749376"
"1097";"1205511271551889408"
"1098";"1199429715192365061"
"1099";"1224661765277003776"
"1100";"1223269374670393351"
"1101";"1231588535788015617"
"1102";"1242219168042229765"
"1103";"1240664342326018048"
"1104";"1237375907997851651"
"1105";"1256822654134366208"
"1106";"1256515546939559937"
"1107";"1272096246333874176"
"1108";"1286876285239799808"
"1109";"1286610931015987200"
"1110";"1283101361954062341"
"1111";"1283101359856857088"
"1112";"1282702310007767042"
"1113";"1281804934162284544"
"1114";"1277648780003811333"
"1115";"1297519668333355014"
"1116";"1293047513822515202"
"1117";"1289681274190217216"
"1118";"1317206307376594944"
"1119";"1317097577943367686"
"1120";"1313545248392581120"
"1121";"1344773148156321792"
"1122";"1342153864078909442"
"1123";"1334801138470838272"
"1124";"1351054771445264384"
"1125";"1348236065639956480"
"1126";"1348235909720846336"
"1127";"1347798261101375488"
"1128";"1347539292286054402"
"1129";"1347506591503953921"
"1130";"1346075507243282437"
"1131";"1365348497671733254"
"1132";"1363143171702738944"
"1133";"1362434886481641475"
"1134";"1362433261897539589"
"1135";"1378677860316102660"
"1136";"1378123482618331141"
"1137";"1391384838213677067"
"1138";"1388886269569216513"
"1139";"1382716801419739139"
"1140";"1382716201990828037"
"1141";"1404833999915257859"
"1142";"1416111444865716230"
"1143";"1416111443087400966"
"1144";"1416111441715896323"
"1145";"1413476685958336514"
"1146";"1408728126604165127"
"1147";"1463824334288478208"
"1148";"1457720628430135297"
"1149";"880199349745188864"
"1150";"1151420847170695169"
"1151";"1151401570141134848"
"1152";"1151394139918852096"
"1153";"1151251618123440128"
"1154";"1151133641214271488"
"1155";"1150353136219054087"
"1156";"1148183667392561158"
"1157";"1146533390969135104"
"1158";"1145659938884243456"
"1159";"1145604644904873985"
"1160";"1145437645742444550"
"1161";"1145312663305633793"
"1162";"1144742913991200769"
"1163";"1143223845194801152"
"1164";"1143164225256337408"
"1165";"1142517002642350080"
"1166";"1141110131658301440"
"1167";"1140213084184829953"
"1168";"1138702130959831041"
"1169";"1138697006006845440"
"1170";"1138031081893089280"
"1171";"1137411374156603392"
"1172";"1137353022894411777"
"1173";"1137352605108264960"
"1174";"1135687063980957697"
"1175";"1133900825997250561"
"1176";"1131599252554166272"
"1177";"1130192067152547840"
"1178";"1129729225337053186"
"1179";"1129028704032698368"
"1180";"1126984770838245376"
"1181";"1126029576491143168"
"1182";"1126029306411360256"
"1183";"1124309328905871362"
"1184";"1124308626246709249"
"1185";"1124257523413016576"
"1186";"1122899902034583552"
"1187";"1122899279222398977"
"1188";"1119609078366470144"
"1189";"1119540584522428416"
"1190";"1117880280700702720"
"1191";"1117874304014802945"
"1192";"1115853450745610240"
"1193";"1115853079520452608"
"1194";"1115604639137681412"
"1195";"1115588099550191618"
"1196";"1115528220772847616"
"1197";"1115299376929361921"
"1198";"1115187364572348416"
"1199";"1114862316007448576"
"1200";"1114861409823752192"
"1201";"1114662493782196224"
"1202";"1114659472138489865"
"1203";"1114639761497575424"
"1204";"1113791891101945856"
"1205";"1113703562859753472"
"1206";"1112988379220774912"
"1207";"1112477367648296962"
"1208";"1112086301187153920"
"1209";"1111962907103895552"
"1210";"1109442939745378304"
"1211";"1109418800598994946"
"1212";"1109379193681395712"
"1213";"1109189008033234949"
"1214";"1109038046693986305"
"1215";"1108712529616953344"
"1216";"1108424174123581442"
"1217";"1108259173043765248"
"1218";"1108066706331713536"
"1219";"1107437075811483648"
"1220";"1106585783941632000"
"1221";"1105730944953212928"
"1222";"1104095118703898624"
"1223";"1104094907080286209"
"1224";"1104071303261315072"
"1225";"1102826835644215301"
"1226";"1100835413030244358"
"1227";"1100729339346325504"
"1228";"1100357754445881345"
"1229";"1097650702720077839"
"1230";"1096897323253329920"
"1231";"1096897184015007744"
"1232";"1090508016439435265"
"1233";"1088438079633977344"
"1234";"1087024278938238976"
"1235";"1085389606558883841"
"1236";"1084945964073451520"
"1237";"1084901087306543105"
"1238";"1080735840236642309"
"1239";"1075763098030665728"
"1240";"1075178604412235776"
"1241";"1074802253431742464"
"1242";"1074723033913405441"
"1243";"1065338028502261760"
"1244";"1064251938626289665"
"1245";"1063823838583185409"
"1246";"1063531864521089024"
"1247";"1059559985359867904"
"1248";"1056636556881076226"
"1249";"1056635985948278784"
"1250";"1056635974137139201"
"1251";"1055207355049222146"
"1252";"1053667842309144576"
"1253";"1053176675125657600"
"1254";"1052269331839500290"
"1255";"1051870928391548928"
"1256";"1050725395375509504"
"1257";"1050725361716273152"
"1258";"1050657042799546369"
"1259";"1050087720343805953"
"1260";"1049960733046386688"
"1261";"1049929402379890688"
"1262";"1049911356768612352"
"1263";"1049742172684251136"
"1264";"1049740824010022913"
"1265";"1049739645377028097"
"1266";"1049450275281485825"
"1267";"1049449937270902785"
"1268";"1049449435489554432"
"1269";"1049250503241216000"
"1270";"1049205223833657345"
"1271";"1049204363372240897"
"1272";"1048595552596873217"
"1273";"1047116006294994944"
"1274";"1045746938849755136"
"1275";"1045588211815329792"
"1276";"1045587490218946562"
"1277";"1045587405431099392"
"1278";"1044645981734735872"
"1279";"1044540978856677376"
"1280";"1044502770231988224"
"1281";"1044288731463786496"
"1282";"1043633147672494086"
"1283";"1042300875899854848"
"1284";"1042175242117046273"
"1285";"1042174381865279488"
"1286";"1041744869654507521"
"1287";"1041744347623051264"
"1288";"1041744065065365506"
"1289";"1041743823792205824"
"1290";"1041385141950656515"
"1291";"1040554076163981318"
"1292";"1040312656249450496"
"1293";"1039771844025438208"
"1294";"1039628004056608768"
"1295";"1039627573528014850"
"1296";"1038743883910397952"
"1297";"1037770691704238080"
"1298";"1037770392138645504"
"1299";"1037769987665088512"
"1300";"1037269613120237568"
"1301";"1037262308228169728"
"1302";"1036662912327331844"
"1303";"1036544719923367936"
"1304";"1036500608906416129"
"1305";"1035995701979873280"
"1306";"1035964406117683201"
"1307";"1035952390531411972"
"1308";"1035493379566718976"
"1309";"1035122279146029056"
"1310";"1034488736917147648"
"1311";"1034155325342081025"
"1312";"1033854570022297600"
"1313";"1032275643046744064"
"1314";"1031882082820280322"
"1315";"1031878015960182784"
"1316";"1031619233111789570"
"1317";"1031618786548432896"
"1318";"1030224813120520192"
"1319";"1030224435532517376"
"1320";"1029996703842226177"
"1321";"1029734476312719360"
"1322";"1029710165375967232"
"1323";"1029630957425446912"
"1324";"1029630678848217089"
"1325";"1029630074604199937"
"1326";"1029629788544221184"
"1327";"1029629575737823232"
"1328";"1029629535476768768"
"1329";"1029628881567985664"
"1330";"1029265639104503809"
"1331";"1028997688719757313"
"1332";"1028997462126731264"
"1333";"1028997117526913024"
"1334";"1028907505081036800"
"1335";"1028907158505709569"
"1336";"1028553238273056769"
"1337";"1027890184321486848"
"1338";"1027192039354589186"
"1339";"1024319517533593601"
"1340";"1023812947632631808"
"1341";"1022889919621021696"
"1342";"1022886660739084289"
"1343";"1022878518777208832"
"1344";"1022876295707992065"
"1345";"1022871836273598464"
"1346";"1022186368628400130"
"1347";"1022185322921316353"
"1348";"1022185089168494592"
"1349";"1022077353672036353"
"1350";"1022029119691927552"
"1351";"1021699176520929280"
"1352";"1021297120500953088"
"1353";"1021091116488298498"
"1354";"1021090958421749760"
"1355";"1021023628920582145"
"1356";"1021023479477538816"
"1357";"1021023255342305280"
"1358";"1020674089181204482"
"1359";"1020674056864108544"
"1360";"1020673990279430145"
"1361";"1020673795630292998"
"1362";"1020673574997319680"
"1363";"1020673509205381120"
"1364";"1020673425738805249"
"1365";"1019951359536369664"
"1366";"1018983046635245568"
"1367";"1018981228245078016"
"1368";"1018965770217426945"
"1369";"1018615522961907712"
"1370";"1018509743688646657"
"1371";"1018509638952804352"
"1372";"1017147110494474242"
"1373";"1017146444409602053"
"1374";"1014992198566281217"
"1375";"1014991975332925441"
"1376";"1012633407002685440"
"1377";"1012391510514466817"
"1378";"1012390620541980673"
"1379";"1012322013795504128"
"1380";"1008973009217040384"
"1381";"1008959348599656448"
"1382";"1008959330274742272"
"1383";"1007362675217698816"
"1384";"1007341612081532928"
"1385";"1007340986312396802"
"1386";"1007340864434245633"
"1387";"1007340175129751554"
"1388";"1007339904429412353"
"1389";"1007339329851744257"
"1390";"1007338786697699329"
"1391";"1007338446011150339"
"1392";"1007338093018574850"
"1393";"1007337914144055297"
"1394";"1007337359183147010"
"1395";"1007337070854107136"
"1396";"1007336963114983424"
"1397";"1007336868386615296"
"1398";"1007336423006113793"
"1399";"1005476922959319042"
"1400";"1004992176609251329"
"1401";"1004452117573263365"
"1402";"1004279111630622720"
"1403";"1004271593185579008"
"1404";"1004271362310012928"
"1405";"1003689595429707778"
"1406";"1001920765380431878"
"1407";"1001920106874720261"
"1408";"999599411956207616"
"1409";"998199225673486337"
"1410";"997206402853736448"
"1411";"996148543076302849"
"1412";"996147777271992326"
"1413";"995785984724865024"
"1414";"994224281566547968"
"1415";"989546148829462529"
"1416";"988416706556121088"
"1417";"987807872556859403"
"1418";"987409799938822151"
"1419";"987348815626809345"
"1420";"985580036555231236"
"1421";"985579786834796546"
"1422";"985578400726298624"
"1423";"983366040443908098"
"1424";"980903037605679104"
"1425";"979025722747555840"
"1426";"978997940592267265"
"1427";"978993096733134848"
"1428";"978941528734294018"
"1429";"978935459916275712"
"1430";"976456253701488640"
"1431";"976230257069121539"
"1432";"976229369365565446"
"1433";"976228951210242052"
"1434";"974712641708023808"
"1435";"973138826251132928"
"1436";"972106135812665344"
"1437";"972046270708748288"
"1438";"971822019586248704"
"1439";"971503039621279744"
"1440";"971371102546079745"
"1441";"971363408468692992"
"1442";"970684939846012928"
"1443";"970372041051398146"
"1444";"970209122389053440"
"1445";"970078254819368961"
"1446";"970073926641618945"
"1447";"970057924084150272"
"1448";"970057707280576512"
"1449";"969985698160930816"
"1450";"969895758773309440"
"1451";"969863872042725376"
"1452";"969621777155489792"
"1453";"969614622553772039"
"1454";"969502840719839234"
"1455";"969501598991966208"
"1456";"969501425104539649"
"1457";"969501109382414336"
"1458";"969150823338053632"
"1459";"969150198978097152"
"1460";"969149738057633792"
"1461";"969148893261893632"
"1462";"969144063311085569"
"1463";"969118785859964928"
"1464";"969118046576168960"
"1465";"969112741729402881"
"1466";"969108685946544128"
"1467";"968955864244727808"
"1468";"968889931811737607"
"1469";"968742182348783616"
"1470";"968613707285696513"
"1471";"968613451777167360"
"1472";"968612932841025537"
"1473";"968612735280930817"
"1474";"968612447954309125"
"1475";"968585436997259264"
"1476";"968434530251046912"
"1477";"968264279945342977"
"1478";"968262963349123072"
"1479";"968063678686867456"
"1480";"968029715855527936"
"1481";"967900458877669377"
"1482";"967829439252922369"
"1483";"967296881062707200"
"1484";"967169709991964672"
"1485";"967168626292862977"
"1486";"967137063249305601"
"1487";"967030412303269889"
"1488";"966956820517416960"
"1489";"966802100658278400"
"1490";"966701779755945984"
"1491";"966613052517908480"
"1492";"965964401244278791"
"1493";"965950528277577734"
"1494";"965540843821166592"
"1495";"964260873052270593"
"1496";"964139304078532608"
"1497";"964104071182503937"
"1498";"964103453306970112"
"1499";"963165694857793538"
"1500";"963078171355643904"
"1501";"962808288470593540"
"1502";"962808078637895680"
"1503";"962794896901005314"
"1504";"962794075094167552"
"1505";"962792802215235585"
"1506";"962052529377783808"
"1507";"961310415258038274"
"1508";"961229985842376710"
"1509";"960840226041204737"
"1510";"958429399203885058"
"1511";"958429113349496832"
"1512";"957876748007366656"
"1513";"957681872255049730"
"1514";"957664788410232833"
"1515";"957663512343515136"
"1516";"956296334352535552"
"1517";"956295217321308161"
"1518";"956284778055127041"
"1519";"956283126292058113"
"1520";"956278632586113024"
"1521";"956275061178228736"
"1522";"956270561168183297"
"1523";"956268304397688832"
"1524";"956267932727816193"
"1525";"956267118370095114"
"1526";"956265868152930304"
"1527";"956176247058501632"
"1528";"956108269847826432"
"1529";"955533577801920512"
"1530";"955445866873212928"
"1531";"955436482822656000"
"1532";"955436420633636865"
"1533";"955372942749249536"
"1534";"955369346573971456"
"1535";"955211415119368192"
"1536";"955210727517835265"
"1537";"955210402299830273"
"1538";"954812340469460992"
"1539";"953743384220438531"
"1540";"953583638679113728"
"1541";"952214327788015616"
"1542";"951895214272274432"
"1543";"951842813171429376"
"1544";"951532283563073536"
"1545";"951515158186221568"
"1546";"951512856025067520"
"1547";"951354295827484672"
"1548";"951214016575234048"
"1549";"950630268959969280"
"1550";"950629904109985792"
"1551";"950454026117754881"
"1552";"950452091608272897"
"1553";"950307159828549632"
"1554";"950307093894090752"
"1555";"949308144001470465"
"1556";"949261908590366720"
"1557";"949260900573171717"
"1558";"949038060204851203"
"1559";"949005936374501376"
"1560";"948842227882749957"
"1561";"948837519118028800"
"1562";"948834778412969984"
"1563";"948693095641767936"
"1564";"948649067730661377"
"1565";"948647706943279105"
"1566";"948647267753451523"
"1567";"948578596678963202"
"1568";"948217436226113536"
"1569";"948217380118949889"
"1570";"948216942552408064"
"1571";"948216856720134144"
"1572";"948214947506479104"
"1573";"948169893320495104"
"1574";"947944769031950336"
"1575";"947943708250517505"
"1576";"947894463279575040"
"1577";"947621067253829632"
"1578";"947581362277675010"
"1579";"947477395275177984"
"1580";"947476662098243589"
"1581";"947476322741313536"
"1582";"947476074174341121"
"1583";"947475150009786368"
"1584";"947404176228790272"
"1585";"946707724045312000"
"1586";"946707389197312000"
"1587";"946510070493470723"
"1588";"946509757090844672"
"1589";"946413704400330754"
"1590";"946413454843359232"
"1591";"946412451205206016"
"1592";"946012066850181120"
"1593";"945937416308785152"
"1594";"944248841217413120"
"1595";"944167705241845760"
"1596";"943158179839512576"
"1597";"943157723486740481"
"1598";"943074823709822976"
"1599";"943036331688685568"
"1600";"943036074737184768"
"1601";"942004391795666945"
"1602";"941323164461748224"
"1603";"941009553415655424"
"1604";"941008040823750656"
"1605";"940541439628447744"
"1606";"940333538246873094"
"1607";"940246342076649472"
"1608";"938489920431316993"
"1609";"936686085966647297"
"1610";"936222090381979653"
"1611";"936221480454688768"
"1612";"935520015528398849"
"1613";"934877197424316416"
"1614";"934872578669400064"
"1615";"934872546155130882"
"1616";"934416122300059648"
"1617";"934024070135500800"
"1618";"932970448131907584"
"1619";"932365135318077440"
"1620";"932364252807131138"
"1621";"932351637951320064"
"1622";"931279122965331968"
"1623";"931278551701127169"
"1624";"931277995477573632"
"1625";"931276140802707456"
"1626";"931250249083031552"
"1627";"931111011733655552"
"1628";"930417717596835843"
"1629";"929998791599640576"
"1630";"928541161056333824"
"1631";"928380144640720896"
"1632";"928379576870465536"
"1633";"926756274582315008"
"1634";"926756029504815104"
"1635";"925843917035266049"
"1636";"925730939069747201"
"1637";"925721874813898752"
"1638";"925446781512626176"
"1639";"923927074104119296"
"1640";"923805658734055424"
"1641";"923207059352510470"
"1642";"922182186656202754"
"1643";"920968401425661952"
"1644";"918938503270019072"
"1645";"918931190169653248"
"1646";"918002651425583104"
"1647";"918000591930122240"
"1648";"917753710528299008"
"1649";"917610085706272768"
"1650";"916592014371803136"
"1651";"916308426388656128"
"1652";"916281494141898752"
"1653";"916281043228950529"
"1654";"916277230917050368"
"1655";"916275662238953473"
"1656";"916273466264965120"
"1657";"915822376260194305"
"1658";"915822042548711425"
"1659";"915821818946211840"
"1660";"915821781864390656"
"1661";"915640367105630214"
"1662";"915275303416627200"
"1663";"912327944273645568"
"1664";"912327904339660801"
"1665";"912327837650227200"
"1666";"912327037238616064"
"1667";"912236315592273920"
"1668";"912236302145290240"
"1669";"911595381242417152"
"1670";"910797155027349504"
"1671";"910793669074198528"
"1672";"909701868963684352"
"1673";"909701763640578048"
"1674";"909360190931206144"
"1675";"909359944864030720"
"1676";"908996168667029505"
"1677";"908762638754177025"
"1678";"908706584372629505"
"1679";"908706153978302464"
"1680";"908705582332424193"
"1681";"907932345126268933"
"1682";"906960513300656129"
"1683";"906960188267266048"
"1684";"905788089125232641"
"1685";"905787625998606336"
"1686";"905787469483958273"
"1687";"905785468402487298"
"1688";"905020744618434560"
"1689";"905020533070319620"
"1690";"905020339457069056"
"1691";"905011567963623424"
"1692";"904799688163033088"
"1693";"904747612540194816"
"1694";"904662831274090496"
"1695";"904618884317237248"
"1696";"904618294824579072"
"1697";"904603226057707520"
"1698";"904602839753908225"
"1699";"904601575770992640"
"1700";"904601344920748033"
"1701";"903239180150599680"
"1702";"903238521980379136"
"1703";"903238318116265985"
"1704";"902904720293072896"
"1705";"902179001539682304"
"1706";"901014759264407552"
"1707";"900854736198541313"
"1708";"900640732217843713"
"1709";"900640521999265792"
"1710";"900640490785312769"
"1711";"900640469155282944"
"1712";"900640319611514880"
"1713";"900640080368369668"
"1714";"898439998424236034"
"1715";"898439743788077056"
"1716";"897342943283077120"
"1717";"897321060118474755"
"1718";"896808685330026496"
"1719";"895652350697799680"
"1720";"894581393262469124"
"1721";"892470548516810753"
"1722";"889581149881815042"
"1723";"889497894423859200"
"1724";"889497664508899328"
"1725";"888336191313113088"
"1726";"885280375274172416"
"1727";"885279889796079616"
"1728";"885279363662565376"
"1729";"885279182816673792"
"1730";"885278578144837633"
"1731";"882991853242593282"
"1732";"882984980967804928"
"1733";"882983448855674882"
"1734";"882983340671991808"
"1735";"882983288171835392"
"1736";"882983218831601664"
"1737";"882983096525737984"
"1738";"882494286834675713"
"1739";"882209428853927938"
"1740";"882209090637893632"
"1741";"882100578616315904"
"1742";"882099622260477952"
"1743";"882099476047028224"
"1744";"881866900082393092"
"1745";"881753690830405633"
"1746";"881227889324281857"
"1747";"881226965830836225"
"1748";"881226707566571520"
"1749";"880360192592007169"
"1750";"880358507383578624"
"1751";"880357689506881536"
"1752";"880357457477947392"
"1753";"880316169995120640"
"1754";"880063892260573184"
"1755";"880063354055864320"
"1756";"880062765125165056"
"1757";"880062389152088064"
"1758";"880061541080457216"
"1759";"880053446891585536"
"1760";"880051994156613632"
"1761";"879694743441219584"
"1762";"878012646900908033"
"1763";"877061685898608640"
"1764";"875295942102179840"
"1765";"875293533384695809"
"1766";"875290386557796353"
"1767";"875068184147218432"
"1768";"874677961416429569"
"1769";"874610591549329408"
"1770";"874610381527896065"
"1771";"874569354775601152"
"1772";"874568951988191233"
"1773";"874539831363350528"
"1774";"874539489128927232"
"1775";"874539289077571584"
"1776";"874539108428894208"
"1777";"874538818413617153"
"1778";"874538626163593218"
"1779";"874538239687884800"
"1780";"874537557824024576"
"1781";"874536600658640896"
"1782";"874165019847655424"
"1783";"874164197541761025"
"1784";"874163798566998020"
"1785";"874163288690618368"
"1786";"874161897251250176"
"1787";"874161513531101184"
"1788";"873813628042063872"
"1789";"873811181667991552"
"1790";"873810855430950912"
"1791";"873809858184835072"
"1792";"873809625992318976"
"1793";"873808847089135617"
"1794";"873807950061686789"
"1795";"873807325672460288"
"1796";"873665893959684097"
"1797";"873664928812597249"
"1798";"873664399382376448"
"1799";"873576489131880448"
"1800";"872950910326013952"
"1801";"1194309728240852993"
"1802";"1194288367409741830"
"1803";"1194024990888382464"
"1804";"1192883973506191361"
"1805";"1192778618067464192"
"1806";"1191348685004771328"
"1807";"1191348001391943681"
"1808";"1191019877907218437"
"1809";"1190402238595903488"
"1810";"1190398673508818956"
"1811";"1190313944939999232"
"1812";"1190042364825546752"
"1813";"1188838835951681537"
"1814";"1188794526225326081"
"1815";"1188553247453257735"
"1816";"1188523385099378689"
"1817";"1188523155595366400"
"1818";"1188472338389581825"
"1819";"1188472228054102016"
"1820";"1187418998578778112"
"1821";"1187414330779865092"
"1822";"1187407456051322880"
"1823";"1187406723201622022"
"1824";"1187088588002988033"
"1825";"1186259980019740673"
"1826";"1184883471883354117"
"1827";"1184883127300378624"
"1828";"1184262621756821504"
"1829";"1184168635381747712"
"1830";"1183836689019617286"
"1831";"1183833791464378374"
"1832";"1183833477541777410"
"1833";"1183833198079463424"
"1834";"1183832376981504000"
"1835";"1183830676761645057"
"1836";"1183829646376390658"
"1837";"1183828915292377094"
"1838";"1183827751524093956"
"1839";"1183825397974257664"
"1840";"1183825099046162438"
"1841";"1183824021156171776"
"1842";"1182001940630315015"
"1843";"1180613301585268736"
"1844";"1180612973922017280"
"1845";"1180239663979810817"
"1846";"1180218357351682048"
"1847";"1180215805159587841"
"1848";"1180215650897289218"
"1849";"1180211153311547398"
"1850";"1180210866735783936"
"1851";"1180210651647623168"
"1852";"1180210301133819904"
"1853";"1180209954810204160"
"1854";"1180209509115076610"
"1855";"1180209208186286080"
"1856";"1180209027264978944"
"1857";"1180208612674871298"
"1858";"1180208050499653632"
"1859";"1180137214413541377"
"1860";"1179839105783472128"
"1861";"1179837041959460864"
"1862";"1179502581011406849"
"1863";"1179501782885687296"
"1864";"1179501523530915841"
"1865";"1172917590966054912"
"1866";"1171410190979215360"
"1867";"1169679694851182594"
"1868";"1169394008705179648"
"1869";"1168527071821385731"
"1870";"1168488296281968642"
"1871";"1168286795659919361"
"1872";"1165245146679697408"
"1873";"1164243162522632192"
"1874";"1162345043824455683"
"1875";"1162007399756128257"
"1876";"1158892057563455488"
"1877";"1157652356470886400"
"1878";"1156692822218723331"
"1879";"1156499541794930689"
"1880";"1154858870625460225"
"1881";"1154727271825100800"
"1882";"1154381796177522688"
"1883";"1154270674111860738"
"1884";"1153950704840650752"
"1885";"1153713483428630528"
"1886";"1153406304544788480"
"1887";"1152174690556948482"
"1888";"1151924855127912448"
"1889";"1151924813369401344"
"1890";"1211649474403155968"
"1891";"1209892724104683521"
"1892";"1209891251593646080"
"1893";"1207736846513582080"
"1894";"1206009650749071360"
"1895";"1205493878058565632"
"1896";"1204918971981598720"
"1897";"1204918003365756928"
"1898";"1204917101045207040"
"1899";"1203288399215546368"
"1900";"1203263607980613632"
"1901";"1201835570856632320"
"1902";"1201197693370015755"
"1903";"1199372653276127236"
"1904";"1199065335271432193"
"1905";"1196899940829663234"
"1906";"1224836849098723329"
"1907";"1222217747599327232"
"1908";"1221894395227754496"
"1909";"1221378227765153793"
"1910";"1220889267683184640"
"1911";"1220877178092605440"
"1912";"1220875919839170560"
"1913";"1219591240553050112"
"1914";"1219588372047572992"
"1915";"1218120237641543680"
"1916";"1217979316593745920"
"1917";"1217180252826406913"
"1918";"1217085426734858242"
"1919";"1216508987270746113"
"1920";"1216508062317600769"
"1921";"1216032386049245185"
"1922";"1216017286563274753"
"1923";"1216015857194807296"
"1924";"1216015027888631808"
"1925";"1215635243534815232"
"1926";"1215607437815840769"
"1927";"1215601214001500161"
"1928";"1215553032336957440"
"1929";"1214674144664657921"
"1930";"1214673334434222081"
"1931";"1214672839950901248"
"1932";"1214672072489738246"
"1933";"1214671582221787136"
"1934";"1214671422980792320"
"1935";"1212886925708804098"
"1936";"1233527343613980672"
"1937";"1233527317227614214"
"1938";"1233490978553593856"
"1939";"1233132554892587020"
"1940";"1232408209811558402"
"1941";"1229113114857222145"
"1942";"1228247185852162049"
"1943";"1228246965185630208"
"1944";"1228246661803249666"
"1945";"1228246446727684096"
"1946";"1226260777490878464"
"1947";"1225918768104255489"
"1948";"1244378960890335232"
"1949";"1243272481940606984"
"1950";"1243261104136093704"
"1951";"1242171594807619584"
"1952";"1241745260264423428"
"1953";"1241043495579717634"
"1954";"1241038250560667648"
"1955";"1240984258480611328"
"1956";"1240723089069146114"
"1957";"1240330970399678465"
"1958";"1240249119781933059"
"1959";"1240084702381379587"
"1960";"1240070729615454208"
"1961";"1240019571173711873"
"1962";"1238921392894218245"
"1963";"1238921201277378564"
"1964";"1238780034216853504"
"1965";"1238779994224103424"
"1966";"1238624631872946176"
"1967";"1238536551790977026"
"1968";"1238495664184705030"
"1969";"1238495489919799296"
"1970";"1238490219252518920"
"1971";"1238488101384785922"
"1972";"1237500152597884930"
"1973";"1237344959927328774"
"1974";"1235862868647526400"
"1975";"1235608257424764928"
"1976";"1235607955166228480"
"1977";"1235291629231239171"
"1978";"1235170992206598144"
"1979";"1235165579226599426"
"1980";"1234771592955256832"
"1981";"1234591256543555584"
"1982";"1253991636037664770"
"1983";"1252284990324424713"
"1984";"1249407718286295044"
"1985";"1249363469217996803"
"1986";"1249100021934350338"
"1987";"1246387882660696064"
"1988";"1246386958001156097"
"1989";"1245478703246848001"
"1990";"1245417678791204864"
"1991";"1245289532641218563"
"1992";"1245112439483629574"
"1993";"1244766510289235968"
"1994";"1267557956184428550"
"1995";"1267534034378403840"
"1996";"1267200214647136258"
"1997";"1262759799587917824"
"1998";"1262503899874889730"
"1999";"1262134912800432128"
"2000";"1260513975176921091"
"2001";"1258024109369368584"
"2002";"1258023506412998658"
"2003";"1258023310279036928"
"2004";"1258015650020306944"
"2005";"1258014809968254977"
"2006";"1256980262929477637"
"2007";"1256889109525782529"
"2008";"1274998283182669824"
"2009";"1274754264003379200"
"2010";"1274701797286871041"
"2011";"1273368379060035590"
"2012";"1273368121110380550"
"2013";"1273348565436370950"
"2014";"1273339084174503939"
"2015";"1273275993814454272"
"2016";"1273271592823533571"
"2017";"1272888730827796480"
"2018";"1272105675359948802"
"2019";"1271582483641966594"
"2020";"1271566948824989697"
"2021";"1271566746676314114"
"2022";"1271436433648205824"
"2023";"1271434857680457739"
"2024";"1271193308321243143"
"2025";"1271169625573728256"
"2026";"1271168639845240834"
"2027";"1271047634673901568"
"2028";"1270744921620860929"
"2029";"1270495455152091138"
"2030";"1270451548771024896"
"2031";"1270410821907238913"
"2032";"1269954609164025856"
"2033";"1269217680806105089"
"2034";"1268308482794459137"
"2035";"1289198564900401153"
"2036";"1289197697195315210"
"2037";"1289188750279315456"
"2038";"1289136413213163528"
"2039";"1288759363444801536"
"2040";"1288543324173938688"
"2041";"1288542219578806272"
"2042";"1288541681172787206"
"2043";"1288385939270754304"
"2044";"1288247608348225543"
"2045";"1288247384741421067"
"2046";"1288247067203252225"
"2047";"1288246859857788929"
"2048";"1288246440372903937"
"2049";"1287985305786736640"
"2050";"1287713202583867393"
"2051";"1287668201963298816"
"2052";"1287663595443150850"
"2053";"1287652364359434240"
"2054";"1287363601033048065"
"2055";"1287182369187934208"
"2056";"1287096568789839872"
"2057";"1287048290794647552"
"2058";"1287040086102679552"
"2059";"1286755174879379458"
"2060";"1286709540650721282"
"2061";"1286451733254811650"
"2062";"1286281952945934337"
"2063";"1286228871604506624"
"2064";"1286225883364286464"
"2065";"1286211180743348227"
"2066";"1286204608663216128"
"2067";"1285900379251707904"
"2068";"1285835445532798982"
"2069";"1285819683644608513"
"2070";"1285694023068528640"
"2071";"1285666473642463233"
"2072";"1285666345984626697"
"2073";"1285659044275982338"
"2074";"1285656429123317761"
"2075";"1285655268500606977"
"2076";"1285572327888035840"
"2077";"1285518927964131328"
"2078";"1285443939177308162"
"2079";"1285308592489410562"
"2080";"1285304392489541632"
"2081";"1285266267331604481"
"2082";"1285196487979405312"
"2083";"1285185369118519296"
"2084";"1284958496035876864"
"2085";"1284583698818621441"
"2086";"1284574873927454722"
"2087";"1284573566030225412"
"2088";"1284522367679684608"
"2089";"1284478061040345091"
"2090";"1284466512192049154"
"2091";"1284464517292994561"
"2092";"1284464072528924676"
"2093";"1284251209843564546"
"2094";"1284251071884529666"
"2095";"1284237392807944193"
"2096";"1284223010686337026"
"2097";"1284222899117797376"
"2098";"1284212505187946497"
"2099";"1284212210949136385"
"2100";"1284207344143028224"
"2101";"1284158113801809920"
"2102";"1283857843746201601"
"2103";"1283484039350018048"
"2104";"1283474923638398977"
"2105";"1283421502277406723"
"2106";"1282789775821414400"
"2107";"1282789450473517061"
"2108";"1282759536219226116"
"2109";"1282758472371769345"
"2110";"1282717882875609088"
"2111";"1282679767242878976"
"2112";"1282634582991527936"
"2113";"1282403988554551298"
"2114";"1282403624136695808"
"2115";"1282070235030401024"
"2116";"1282070127178113025"
"2117";"1282069863448694786"
"2118";"1282053752904720385"
"2119";"1282053674940981248"
"2120";"1281916100633137152"
"2121";"1281713864888012802"
"2122";"1280878420138868736"
"2123";"1278823190878457865"
"2124";"1297107741916438528"
"2125";"1295763413201752064"
"2126";"1295756036809404417"
"2127";"1295755336100597760"
"2128";"1295480296717070338"
"2129";"1295480018844430340"
"2130";"1295277265308319744"
"2131";"1295260439987855360"
"2132";"1295079854430400512"
"2133";"1294568298428936193"
"2134";"1294348161587191808"
"2135";"1294346156412219393"
"2136";"1294345933354934272"
"2137";"1294345513106644993"
"2138";"1294344993482694656"
"2139";"1294336903609823238"
"2140";"1294024944561655808"
"2141";"1293989531033583619"
"2142";"1293956680909238280"
"2143";"1293955846553194497"
"2144";"1293869893734080512"
"2145";"1293837657118826496"
"2146";"1293341603613073409"
"2147";"1293228563488034822"
"2148";"1292769252773175297"
"2149";"1292758398895902720"
"2150";"1292745563029504001"
"2151";"1292577118661091330"
"2152";"1292550288247787525"
"2153";"1292434204010205186"
"2154";"1292173272755376129"
"2155";"1292029652643577857"
"2156";"1291852175765839873"
"2157";"1291830472947965952"
"2158";"1291810342511812611"
"2159";"1291810123690774529"
"2160";"1291717455900008454"
"2161";"1291418268301955072"
"2162";"1291091012253880320"
"2163";"1290964571663015936"
"2164";"1290912216724713472"
"2165";"1290652991310254087"
"2166";"1290581874641903616"
"2167";"1290574002268901376"
"2168";"1290556809904881667"
"2169";"1290238675431849984"
"2170";"1290051269009321990"
"2171";"1289861267931324418"
"2172";"1289703227349377029"
"2173";"1289675635497951232"
"2174";"1289657536996548608"
"2175";"1289655145446273024"
"2176";"1311425275528384512"
"2177";"1311424704750723074"
"2178";"1311424123189563392"
"2179";"1311423712261033985"
"2180";"1311292175217504257"
"2181";"1311046317704175617"
"2182";"1311025623452835849"
"2183";"1310985343626289152"
"2184";"1310507506540720134"
"2185";"1310284584840503297"
"2186";"1309566894639325184"
"2187";"1308089099908263936"
"2188";"1304008698487070720"
"2189";"1303776141610803200"
"2190";"1303678047850311682"
"2191";"1303493607740014598"
"2192";"1303492042694295553"
"2193";"1301916605941723143"
"2194";"1301866952714051585"
"2195";"1301500607954669570"
"2196";"1301256900198236161"
"2197";"1301213667816603659"
"2198";"1320454258194550786"
"2199";"1320433793849872384"
"2200";"1320432997963833344"
"2201";"1320416828955512832"
"2202";"1320361975977811968"
"2203";"1318110567387848704"
"2204";"1317903885823053831"
"2205";"1317820877803847681"
"2206";"1316680684279336964"
"2207";"1316680398877982720"
"2208";"1316303255127941120"
"2209";"1316004406383575046"
"2210";"1315930485219110914"
"2211";"1315639603597111296"
"2212";"1314928013247754242"
"2213";"1314645512465809408"
"2214";"1313502243514130434"
"2215";"1313501922830286855"
"2216";"1313501602049908737"
"2217";"1313500700794552320"
"2218";"1313500120953036801"
"2219";"1312864041958768645"
"2220";"1312841852878544896"
"2221";"1311983867314741248"
"2222";"1311611965563953152"
"2223";"1332358221382750208"
"2224";"1330136728066265088"
"2225";"1329229518704402433"
"2226";"1329035163121164288"
"2227";"1328775787563147266"
"2228";"1328775174993440768"
"2229";"1328313497202036738"
"2230";"1328261645328666629"
"2231";"1326314167339520000"
"2232";"1325568776230801409"
"2233";"1325568189854527489"
"2234";"1325020181387751424"
"2235";"1323596150780342273"
"2236";"1322172328005013505"
"2237";"1321987365322301441"
"2238";"1344412423319678987"
"2239";"1344395403941314560"
"2240";"1344395130913087493"
"2241";"1344377907657977859"
"2242";"1344355283791970304"
"2243";"1343521124878057472"
"2244";"1336126623045857282"
"2245";"1335627235332599810"
"2246";"1333930391095435272"
"2247";"1333925439925006336"
"2248";"1333925377358647300"
"2249";"1333923378529529861"
"2250";"1333923023074811906"
"2251";"1333922906338979852"
"2252";"1333798322448912384"
"2253";"1354686885554171905"
"2254";"1354445648507101185"
"2255";"1354034115817959424"
"2256";"1352553380841984000"
"2257";"1351872825515270145"
"2258";"1351839050035036161"
"2259";"1348214176049725440"
"2260";"1348199204611633152"
"2261";"1348199134189256704"
"2262";"1348199028471853056"
"2263";"1346953130953461761"
"2264";"1369287334143930368"
"2265";"1366158869689470976"
"2266";"1365007730516320260"
"2267";"1364552660473556992"
"2268";"1364552118552715268"
"2269";"1361956399853547520"
"2270";"1361956340902543360"
"2271";"1361602216247853057"
"2272";"1361488090003562498"
"2273";"1361487182930841602"
"2274";"1361404445469376512"
"2275";"1361401338865803267"
"2276";"1359564702855094273"
"2277";"1381630384081866754"
"2278";"1381585286484922371"
"2279";"1381502038434062336"
"2280";"1380204384345264129"
"2281";"1380181253618556930"
"2282";"1380180720971309060"
"2283";"1379942571204558848"
"2284";"1379909655904813069"
"2285";"1379762024218030081"
"2286";"1379761746869682182"
"2287";"1379422199610761219"
"2288";"1379379742533648385"
"2289";"1379104592370229249"
"2290";"1379070486039040000"
"2291";"1379045170243633153"
"2292";"1379033961087823873"
"2293";"1378995347448590337"
"2294";"1378994101543112709"
"2295";"1378989195147014147"
"2296";"1378851053647593477"
"2297";"1378789611724537864"
"2298";"1378789496842506240"
"2299";"1378775684500295683"
"2300";"1378773941624377347"
"2301";"1377725189803417603"
"2302";"1377315970507767812"
"2303";"1377315852937203726"
"2304";"1377315317907611655"
"2305";"1377006197363052544"
"2306";"1377005497128259587"
"2307";"1377002562424082436"
"2308";"1376944849467899910"
"2309";"1376870698128400385"
"2310";"1376659663916314634"
"2311";"1376659501957443591"
"2312";"1376659151217123333"
"2313";"1376658672038912016"
"2314";"1376658386708787203"
"2315";"1376658197218537477"
"2316";"1376657865927196686"
"2317";"1376657592110436357"
"2318";"1376657341098176513"
"2319";"1376656793242365954"
"2320";"1376656574949777410"
"2321";"1376656114792730629"
"2322";"1376655631852183555"
"2323";"1376655491250716676"
"2324";"1376655391703060485"
"2325";"1376655218042142723"
"2326";"1376655037234053121"
"2327";"1376653179262267395"
"2328";"1376315475655847936"
"2329";"1376210697776947206"
"2330";"1376152070705807364"
"2331";"1376148581992701955"
"2332";"1374516470068043777"
"2333";"1374326822784135169"
"2334";"1373718138668351494"
"2335";"1373405900220866561"
"2336";"1373201032109568001"
"2337";"1372983058769571843"
"2338";"1372982646821773316"
"2339";"1372982433134546947"
"2340";"1371972914719903749"
"2341";"1371965487693840391"
"2342";"1371963178591129604"
"2343";"1371962821139955712"
"2344";"1371912691225399303"
"2345";"1371912150504116232"
"2346";"1371893178635272192"
"2347";"1371890950709121027"
"2348";"1371889562566471686"
"2349";"1371889218314719236"
"2350";"1370675174593413120"
"2351";"1370505756412350467"
"2352";"1370505492947206146"
"2353";"1370505323157594112"
"2354";"1370505144081776643"
"2355";"1370504671564079106"
"2356";"1369640717602205696"
"2357";"1390787669370748937"
"2358";"1390006870740541440"
"2359";"1390005290830110726"
"2360";"1389712870695395335"
"2361";"1389701373772578816"
"2362";"1389701275206496258"
"2363";"1389698136340316166"
"2364";"1389697561137754130"
"2365";"1389650200948523015"
"2366";"1389362955045724168"
"2367";"1389357851156619264"
"2368";"1389310180932964363"
"2369";"1389279057615917062"
"2370";"1389274250473877507"
"2371";"1389274029085835264"
"2372";"1389272430900879370"
"2373";"1389242759538749446"
"2374";"1389207256017821703"
"2375";"1389178586146430978"
"2376";"1388460714218622977"
"2377";"1388460310214889475"
"2378";"1388459511137112064"
"2379";"1388459095712276481"
"2380";"1388241191720914947"
"2381";"1388240359709450242"
"2382";"1388238485375660032"
"2383";"1388236611494846474"
"2384";"1387911136767614976"
"2385";"1387898943737057286"
"2386";"1387898833435299841"
"2387";"1387897453349855235"
"2388";"1387897114777296903"
"2389";"1387896901505372162"
"2390";"1387896690372485121"
"2391";"1387896527348195334"
"2392";"1387896387661148163"
"2393";"1387896147788845058"
"2394";"1387895920197574665"
"2395";"1387895697563869184"
"2396";"1387895354029445121"
"2397";"1387687852687904770"
"2398";"1387537774350381063"
"2399";"1387357201514352640"
"2400";"1387107290554249229"
"2401";"1387106607230865412"
"2402";"1386947937792561152"
"2403";"1386814275927396353"
"2404";"1386806671176081410"
"2405";"1386806545636372487"
"2406";"1386674444790284295"
"2407";"1386631527069634568"
"2408";"1386621274563166209"
"2409";"1386620911957254144"
"2410";"1386620580787544071"
"2411";"1386488772993470464"
"2412";"1386226936351969281"
"2413";"1386218500105068544"
"2414";"1386211442060365826"
"2415";"1385666016261382148"
"2416";"1385625134996803584"
"2417";"1385175199310548993"
"2418";"1384532856467333123"
"2419";"1384527851605606401"
"2420";"1384459654370103298"
"2421";"1384292315364085763"
"2422";"1384291540424478727"
"2423";"1384290738565828613"
"2424";"1384206446947037196"
"2425";"1384169059814547466"
"2426";"1384070684406476802"
"2427";"1383859054745841674"
"2428";"1383843052213587974"
"2429";"1383841132463882260"
"2430";"1383840158080856072"
"2431";"1383752478458478602"
"2432";"1383077574063099904"
"2433";"1383077526331920392"
"2434";"1383045384868614147"
"2435";"1382849698575306754"
"2436";"1382843401876480008"
"2437";"1382842666623373315"
"2438";"1382763302065954818"
"2439";"1382594588754460679"
"2440";"1382377787667922946"
"2441";"1382337005133172742"
"2442";"1382250783354290176"
"2443";"1407281569530847236"
"2444";"1407055581039443971"
"2445";"1407055568309792775"
"2446";"1406404433303515146"
"2447";"1406024866831257602"
"2448";"1405932850197716994"
"2449";"1405557608858202113"
"2450";"1405469137334382592"
"2451";"1405328428715347970"
"2452";"1405290718608850947"
"2453";"1405284973901357058"
"2454";"1405284710335455235"
"2455";"1404735881089630208"
"2456";"1404588391275057155"
"2457";"1404542413222420488"
"2458";"1404537676938858499"
"2459";"1404513161445875712"
"2460";"1404512475282821120"
"2461";"1404511875220578312"
"2462";"1404441516160978948"
"2463";"1404198847346323459"
"2464";"1404144308488376328"
"2465";"1403803570185641988"
"2466";"1403717521753227268"
"2467";"1403717069091246082"
"2468";"1403716860051439621"
"2469";"1403475630008811523"
"2470";"1403398757585244166"
"2471";"1403398582993100800"
"2472";"1403374766002688002"
"2473";"1403374320332816385"
"2474";"1403351892214829059"
"2475";"1403299863241035776"
"2476";"1402581618645217280"
"2477";"1402574719971475460"
"2478";"1402548501880479748"
"2479";"1402359741154746368"
"2480";"1402357591506817024"
"2481";"1402049298993455104"
"2482";"1402030237286797316"
"2483";"1401976960461463552"
"2484";"1401973491411390471"
"2485";"1401972098814316546"
"2486";"1401877346160885761"
"2487";"1401536993910214656"
"2488";"1401306204098416642"
"2489";"1401255522922209282"
"2490";"1401248843111571459"
"2491";"1401243783958835203"
"2492";"1401243631160336387"
"2493";"1401242005724962816"
"2494";"1401241529713373192"
"2495";"1401240368306429955"
"2496";"1401191043257733129"
"2497";"1401185164982730755"
"2498";"1401184731736285188"
"2499";"1401182382951219200"
"2500";"1400952324143648771"
"2501";"1400944936506249219"
"2502";"1400943986928504834"
"2503";"1400795648266485760"
"2504";"1400783758186450945"
"2505";"1400781258230206464"
"2506";"1400749560386011137"
"2507";"1400748885400764416"
"2508";"1400531165971427332"
"2509";"1400209714089185282"
"2510";"1400186335240110083"
"2511";"1400168646266216448"
"2512";"1400097143902310402"
"2513";"1400093416856379396"
"2514";"1400051762690678785"
"2515";"1400051417407266818"
"2516";"1399801586398941187"
"2517";"1399690624555757568"
"2518";"1399690511749980164"
"2519";"1399390789055258630"
"2520";"1399389966115934209"
"2521";"1399117025239240704"
"2522";"1399116645486956551"
"2523";"1399116209652736004"
"2524";"1399116104329465857"
"2525";"1399115736975564801"
"2526";"1399115529378533376"
"2527";"1398930534491901954"
"2528";"1398540127757029379"
"2529";"1398539807446507524"
"2530";"1398028701229588485"
"2531";"1398028120188465157"
"2532";"1398000339199135746"
"2533";"1397997468722282499"
"2534";"1397909634866769929"
"2535";"1397873045021282310"
"2536";"1397599091245428740"
"2537";"1397598497256493056"
"2538";"1397263178208264201"
"2539";"1397261599241560070"
"2540";"1397256745219764226"
"2541";"1397252739806253059"
"2542";"1397252530393030663"
"2543";"1396892417815633925"
"2544";"1396788706711834627"
"2545";"1396779564462972930"
"2546";"1396779262707912707"
"2547";"1396777122228809731"
"2548";"1396776819039379456"
"2549";"1396775217242968064"
"2550";"1396765650178265091"
"2551";"1396762623459344389"
"2552";"1396761014159519745"
"2553";"1396535783167758339"
"2554";"1396151894058405890"
"2555";"1396151808872095748"
"2556";"1396147122886647811"
"2557";"1396141710711955457"
"2558";"1396140888234078211"
"2559";"1396122536103002112"
"2560";"1396112652636758017"
"2561";"1395680070178590721"
"2562";"1395678426087018501"
"2563";"1395677674912288770"
"2564";"1395676598762868743"
"2565";"1395636164535754753"
"2566";"1395635982351863808"
"2567";"1395431104254025728"
"2568";"1395348933325557764"
"2569";"1395137365547655168"
"2570";"1395043478468452365"
"2571";"1395042861515747339"
"2572";"1394778713976418309"
"2573";"1394770595829764098"
"2574";"1394770487151112193"
"2575";"1394660387052822536"
"2576";"1394615172657029121"
"2577";"1394602239503765509"
"2578";"1394407224261423106"
"2579";"1394406067879170048"
"2580";"1394405244742815746"
"2581";"1394401365082902531"
"2582";"1394263489276006401"
"2583";"1394018465464344581"
"2584";"1394018196324294657"
"2585";"1393974783499509765"
"2586";"1393970914203668481"
"2587";"1393970370328268800"
"2588";"1393970111673929730"
"2589";"1393969827413438468"
"2590";"1393969782714769408"
"2591";"1393617812053168137"
"2592";"1393617544263741441"
"2593";"1393616951088386051"
"2594";"1392647603049930753"
"2595";"1392647510813024258"
"2596";"1392646741221126147"
"2597";"1392646547809185797"
"2598";"1392450421382426625"
"2599";"1392437944221376512"
"2600";"1392420765497237510"
"2601";"1392387235539001345"
"2602";"1392385962555150337"
"2603";"1392385111111385088"
"2604";"1392244742533095429"
"2605";"1392243023606689792"
"2606";"1392241165030903808"
"2607";"1391866855506202624"
"2608";"1391855833126944769"
"2609";"1391838631942361091"
"2610";"1391838299652870144"
"2611";"1151535214277136384"
"2612";"1151121685678104577"
"2613";"1147807891983863808"
"2614";"1147441697846124544"
"2615";"1147087418966892550"
"2616";"1146711122407505920"
"2617";"1145381848496955397"
"2618";"1145242396759875586"
"2619";"1143896450486677504"
"2620";"1143833260079890432"
"2621";"1143828385665343489"
"2622";"1143504516832276480"
"2623";"1141295963086213120"
"2624";"1140876976317718528"
"2625";"1140564076348751873"
"2626";"1140126865669132288"
"2627";"1140125597185847298"
"2628";"1138879421329412097"
"2629";"1136207264593907712"
"2630";"1135956364688314373"
"2631";"1135344328199376901"
"2632";"1135197440703963137"
"2633";"1132583524211613697"
"2634";"1130440736997093377"
"2635";"1126462386934775810"
"2636";"1126161357685104646"
"2637";"1126159570202763265"
"2638";"1126072630266748930"
"2639";"1125644538217926656"
"2640";"1125475927637549056"
"2641";"1125086020012261376"
"2642";"1125085929981513731"
"2643";"1124964097446043648"
"2644";"1124929911678959616"
"2645";"1124929432744091648"
"2646";"1124724523989909506"
"2647";"1124582047153045504"
"2648";"1124031350732931072"
"2649";"1123955900715347971"
"2650";"1123584093239824385"
"2651";"1123272149320589313"
"2652";"1123226207192002561"
"2653";"1123208454653534208"
"2654";"1123125235715379200"
"2655";"1121029231566258177"
"2656";"1119266808966647810"
"2657";"1118579444577394688"
"2658";"1116285347359547393"
"2659";"1115921802067423232"
"2660";"1113697391662727168"
"2661";"1112066852837081096"
"2662";"1111943305082949633"
"2663";"1111657099946352640"
"2664";"1107980693395726337"
"2665";"1101870846728196096"
"2666";"1100008154476224514"
"2667";"1097857253032501249"
"2668";"1084658163608158208"
"2669";"1075836916774420480"
"2670";"1075663880985210880"
"2671";"1072388818605629440"
"2672";"1070414459393454087"
"2673";"1067737218863849472"
"2674";"1062330264007917568"
"2675";"1058092315980582912"
"2676";"1044343511825502209"
"2677";"1043868675768545281"
"2678";"1042406982773338112"
"2679";"1041741604049043458"
"2680";"1040631484204367873"
"2681";"1040207156484759553"
"2682";"1039901982969024513"
"2683";"1039429913726672896"
"2684";"1039169322017542144"
"2685";"1038357675246014464"
"2686";"1037624228680486912"
"2687";"1036977731328770048"
"2688";"1036178587026710528"
"2689";"1035519934233825281"
"2690";"1034512360847888384"
"2691";"1034031754041077760"
"2692";"1033704912255889408"
"2693";"1033375682129276928"
"2694";"1033362443186196481"
"2695";"1026250271666655234"
"2696";"1021270487190720512"
"2697";"1020350182993510400"
"2698";"1020046186550636544"
"2699";"1016759608575184896"
"2700";"1014838808293072896"
"2701";"1009768419095470080"
"2702";"1000205796444164096"
"2703";"999707473882832896"
"2704";"999660635406336000"
"2705";"997981285888020482"
"2706";"997862895072546816"
"2707";"997812748720492544"
"2708";"996287432634126336"
"2709";"995003957180293123"
"2710";"994771540402147328"
"2711";"994533960876208128"
"2712";"993269659045695488"
"2713";"990693184794742784"
"2714";"989193879470649345"
"2715";"989185287497699328"
"2716";"989175097264103430"
"2717";"987730735237869568"
"2718";"987730448657903616"
"2719";"987725085208469504"
"2720";"986140842506190849"
"2721";"984993346643951617"
"2722";"979498420070240256"
"2723";"978214899494072320"
"2724";"978203362553483264"
"2725";"977985615647166464"
"2726";"977193511543099395"
"2727";"975073602344275968"
"2728";"970539460545974272"
"2729";"970009742931308544"
"2730";"967242557074833408"
"2731";"967239773869019136"
"2732";"966841327974567937"
"2733";"963442222044798977"
"2734";"962617995280478208"
"2735";"962272703813210117"
"2736";"961929998784454657"
"2737";"961902793903747074"
"2738";"961899917626281984"
"2739";"961323772392476672"
"2740";"961277194734637057"
"2741";"961270183443730433"
"2742";"961269700037693440"
"2743";"960780202874990592"
"2744";"960766200677531648"
"2745";"960560196698492931"
"2746";"959754885376901120"
"2747";"959507814946426880"
"2748";"958745611297345537"
"2749";"958388501204160513"
"2750";"958272143736885250"
"2751";"957677220784410624"
"2752";"956851339442745344"
"2753";"956849432921853952"
"2754";"955391675651805184"
"2755";"955356344567128065"
"2756";"954621087102447617"
"2757";"954348119910699008"
"2758";"953126645233258496"
"2759";"948086137356259328"
"2760";"947499942427414530"
"2761";"947461799473045504"
"2762";"947415486484176896"
"2763";"947065355112976384"
"2764";"945184827724136448"
"2765";"944842548773781504"
"2766";"942841671137538048"
"2767";"942071637905731585"
"2768";"941716908738514944"
"2769";"941674803878158336"
"2770";"936676211090128896"
"2771";"935425414088060928"
"2772";"935218167651160069"
"2773";"934671327147057152"
"2774";"934387816347422720"
"2775";"934045513548222464"
"2776";"933059199101259777"
"2777";"932382759682756608"
"2778";"931934527391444992"
"2779";"931622498948538368"
"2780";"929349561197453312"
"2781";"926746753151459328"
"2782";"924556970392203264"
"2783";"924556808911548416"
"2784";"921419052815474689"
"2785";"920636958208155650"
"2786";"920585976061267968"
"2787";"920585589325549568"
"2788";"919676464286584832"
"2789";"919657680268120064"
"2790";"918547842335113217"
"2791";"918477745981620226"
"2792";"918356996642009089"
"2793";"917796480655646721"
"2794";"917335035946131456"
"2795";"917303441185177600"
"2796";"916804409253924869"
"2797";"914758071209136129"
"2798";"914260799283134464"
"2799";"913863791112318976"
"2800";"913634155602300929"
"2801";"910794238828449793"
"2802";"909463933135806464"
"2803";"909065417272029187"
"2804";"908753074096889856"
"2805";"908616728359337984"
"2806";"906976586897002496"
"2807";"906808968344981506"
"2808";"906806675138641921"
"2809";"905064269720453120"
"2810";"904656006780735489"
"2811";"902113705902604288"
"2812";"902059066134065153"
"2813";"901541418975584256"
"2814";"900490531704369153"
"2815";"900490052777779200"
"2816";"900303974418587648"
"2817";"900005547533062144"
"2818";"899690282031218694"
"2819";"899534408759291905"
"2820";"899140869047148544"
"2821";"898767528637349888"
"2822";"897851480497160194"
"2823";"896399804946935808"
"2824";"896398739635568643"
"2825";"894165700339740674"
"2826";"893392190189293568"
"2827";"893072966946304000"
"2828";"892744226500476928"
"2829";"892735573651320832"
"2830";"892130715386736641"
"2831";"892044557000597504"
"2832";"891705895524159491"
"2833";"891659763972493312"
"2834";"891576506518040576"
"2835";"891178781163102210"
"2836";"889035757041709056"
"2837";"888450625763147777"
"2838";"887959258289123329"
"2839";"887581766885810176"
"2840";"886873224683937793"
"2841";"884026653315391488"
"2842";"883251799523831808"
"2843";"882929430615785473"
"2844";"882530116617863169"
"2845";"882309421841481729"
"2846";"882309354136973313"
"2847";"881477831150239744"
"2848";"880765553752903682"
"2849";"879743263632220160"
"2850";"879568393636073473"
"2851";"879205290767470592"
"2852";"879050311503052800"
"2853";"878974529275604992"
"2854";"877053486411763712"
"2855";"874907895749640193"
"2856";"874892415756357632"
"2857";"873995643127300096"
"2858";"873973112899080193"
"2859";"873629922824204288"
"2860";"1193866733490200577"
"2861";"1193480276804079616"
"2862";"1192826735085133824"
"2863";"1192805542588276743"
"2864";"1192794550311571456"
"2865";"1192039624123854848"
"2866";"1189515360179048449"
"2867";"1188440002998521856"
"2868";"1188379646078922753"
"2869";"1187383360081059840"
"2870";"1187353309570650112"
"2871";"1187095958036865025"
"2872";"1186360294664232960"
"2873";"1186317148471382016"
"2874";"1186316859366367232"
"2875";"1185830400637186049"
"2876";"1185294052398383104"
"2877";"1184729082048733186"
"2878";"1184073949514289153"
"2879";"1184073715023306752"
"2880";"1182651404684550144"
"2881";"1182197888165785600"
"2882";"1181453487055544320"
"2883";"1176272998812258304"
"2884";"1168041075832999936"
"2885";"1167392679891800064"
"2886";"1165285092811522048"
"2887";"1164467259533905920"
"2888";"1164048146898522112"
"2889";"1161565973964644352"
"2890";"1154267069766127617"
"2891";"1152220215222198273"
"2892";"1152128494568202241"
"2893";"892737615715348481"
"2894";"1211420950601904128"
"2895";"1208016319980937219"
"2896";"1207966064837103616"
"2897";"1207329864371646465"
"2898";"1205149728280846337"
"2899";"1203147527480057856"
"2900";"1200151414925922305"
"2901";"1199041450987675649"
"2902";"1197946710196142080"
"2903";"1197112263225872385"
"2904";"1194970493750779904"
"2905";"1194969999070375936"
"2906";"1194968334263078913"
"2907";"1224022317325524992"
"2908";"1223326399668346882"
"2909";"1219232953139716098"
"2910";"1213376513074253824"
"2911";"1268656825920077824"
"2912";"1297896792198127620"
"2913";"1056782784277176320"
"2914";"1013491041184428042"
"2915";"972144697211748354"
"2916";"972132940363849732"
"2917";"965596976380293120"
"2918";"965579257421451264"
"2919";"951738541696045057"
"2920";"915466223621754880"
"2921";"886488878063996928"
"2922";"886488279926833152"
"2923";"851145666869035009"
"2924";"851061713499770880"
"2925";"1283041500578951173"
"2926";"1278271523946717185"
"2927";"1349745612640677891"
"2928";"1001112970452242432"
"2929";"995934654690709504"
"2930";"994528191921442816"
"2931";"987280431761543168"
"2932";"981874500915613696"
"2933";"973588208528297984"
"2934";"969259706450632704"
"2935";"968750001903030272"
"2936";"967809188561870848"
"2937";"961611510056456192"
"2938";"961349254026493955"
"2939";"960853179394088961"
"2940";"956955107408646144"
"2941";"951744547930898434"
"2942";"941649057101074432"
"2943";"940177579922919424"
"2944";"921379433155645441"
"2945";"880095321799487488"
"2946";"878335706065772544"
"2947";"872772787987001345"
"2948";"872772652196401155"
"2949";"872188398517309440"
"2950";"864380993234489344"
"2951";"864373289396908032"
"2952";"864373143980396549"
"2953";"863002297244291072"
"2954";"862232394606276608"
"2955";"860449910398832640"
"2956";"859728275144417283"
"2957";"859707265854603264"
"2958";"859441517508911105"
"2959";"857929794402615297"
"2960";"857929595651280897"
"2961";"857520047908163586"
"2962";"856762802559746049"
"2963";"856438350923927552"
"2964";"856418314121351168"
"2965";"856401435742875648"
"2966";"855699235580370945"
"2967";"855339690546798593"
"2968";"855004655893581824"
"2969";"854725814121902082"
"2970";"854594223185821696"
"2971";"854577539813187584"
"2972";"854241814446051328"
"2973";"853246696888905728"
"2974";"852450892641169408"
"2975";"852193936512884737"
"2976";"852056473299542018"
"2977";"852045593731923969"
"2978";"852044977680941056"
"2979";"851747807191072772"
"2980";"851451377763188736"
"2981";"851320644742639617"
"2982";"1068171608370671616"
"2983";"1048172866217414657"
"2984";"997551326249746432"
"2985";"984446961288994816"
"2986";"964491318205603842"
"2987";"964489375491948544"
"2988";"964451585949609984"
"2989";"964409777601224704"
"2990";"964220830661201921"
"2991";"964052947964395526"
"2992";"964052021870555136"
"2993";"1255842581067575296"
"2994";"1257238246821711879"
"2995";"1268067994288246784"
"2996";"1281984793694081026"
"2997";"1278341165335678978"
